{
  "task": "OA_Screening",
  "baseline": {
    "auc": 0.9923210470085471,
    "balanced_acc": 0.9592917295123178
  },
  "permutation_sensors": {
    "HE": {
      "auc": 0.9900952635327636,
      "balanced_acc": 0.9463455253896431,
      "auc_drop": 0.002225783475783505,
      "acc_drop": 0.012946204122674665
    },
    "LB": {
      "auc": 0.9917488897268308,
      "balanced_acc": 0.948937908496732,
      "auc_drop": 0.0005721572817162235,
      "acc_drop": 0.010353821015585796
    },
    "LF": {
      "auc": 0.9881693061840121,
      "balanced_acc": 0.9501476872800402,
      "auc_drop": 0.004151740824534955,
      "acc_drop": 0.009144042232277605
    },
    "RF": {
      "auc": 0.9896710553879672,
      "balanced_acc": 0.9559451985922574,
      "auc_drop": 0.0026499916205798835,
      "acc_drop": 0.003346530920060431
    }
  },
  "permutation_channels": {
    "Acc_X": {
      "auc": 0.8974175674543321,
      "balanced_acc": 0.6647970085470085,
      "auc_drop": 0.09490347955421496,
      "acc_drop": 0.29449472096530926
    },
    "Acc_Y": {
      "auc": 0.9528605245517011,
      "balanced_acc": 0.8556906737053795,
      "auc_drop": 0.03946052245684595,
      "acc_drop": 0.10360105580693824
    },
    "Acc_Z": {
      "auc": 0.9187039131892072,
      "balanced_acc": 0.7337543991955757,
      "auc_drop": 0.07361713381933987,
      "acc_drop": 0.22553733031674206
    },
    "Gyr_X": {
      "auc": 0.9746103569632981,
      "balanced_acc": 0.845808195072901,
      "auc_drop": 0.017710690045248945,
      "acc_drop": 0.11348353443941683
    },
    "Gyr_Y": {
      "auc": 0.9791142952907659,
      "balanced_acc": 0.9103349673202614,
      "auc_drop": 0.013206751717781184,
      "acc_drop": 0.04895676219205636
    },
    "Gyr_Z": {
      "auc": 0.9759720127367186,
      "balanced_acc": 0.9121417797888386,
      "auc_drop": 0.016349034271828433,
      "acc_drop": 0.04714994972347919
    }
  },
  "ablation_sensors": {
    "HE": {
      "auc": 0.9837570177643706,
      "balanced_acc": 0.7896713172448466,
      "auc_drop": 0.00856402924417643,
      "acc_drop": 0.16962041226747115
    },
    "LB": {
      "auc": 0.986168719624602,
      "balanced_acc": 0.9530071644042233,
      "auc_drop": 0.006152327383945111,
      "acc_drop": 0.0062845651080944975
    },
    "LF": {
      "auc": 0.9803293112116641,
      "balanced_acc": 0.9319695827048768,
      "auc_drop": 0.011991735796882952,
      "acc_drop": 0.02732214680744094
    },
    "RF": {
      "auc": 0.9773677099044746,
      "balanced_acc": 0.9336349924585219,
      "auc_drop": 0.014953337104072428,
      "acc_drop": 0.025656737053795897
    }
  },
  "gradient": {
    "sensors": {
      "HE": 0.008040634322392454,
      "LB": 0.005402813459103691,
      "LF": 0.005939105137991901,
      "RF": 0.005882352746506423
    },
    "channels": {
      "Acc_X": 0.005635920108541192,
      "Acc_Y": 0.004377449893421282,
      "Acc_Z": 0.004716390042307021,
      "Gyr_X": 0.00353912297224433,
      "Gyr_Y": 0.003640936509742496,
      "Gyr_Z": 0.0033550861311486572
    }
  }
}