roc_auc,balanced_acc,sensitivity,specificity,task
0.9631161652772744,0.7898559260601667,0.5951612903225807,0.9845505617977528,PD_Screening
