roc_auc,balanced_acc,sensitivity,specificity,task
0.908255309431377,0.7862749975532575,0.6681034482758621,0.9044465468306528,OA_Screening
