roc_auc,balanced_acc,sensitivity,specificity,task
0.9335454146555506,0.8803265843415031,0.9420485175202157,0.8186046511627907,PD_vs_CVA
