roc_auc,balanced_acc,sensitivity,specificity,task
0.9864324625406394,0.9364296972833321,0.9584717607973422,0.9143876337693222,CVA_Detection
